{"r1_vehicle_count": 1, "r1_density": 20.0, "r2_vehicle_count": 0, "r2_density": 0.0, "weighted_vehicle_count": 1, "weighted_density": 10.0, "vdc1": 0, "timestamp": "2024-11-19 12:21:35.792642", "processing_time": 0.06476998329162598}